	Subject	Sequence	Block	Legality	Accuracy
0	sub-01	1	1	Illegal	55.55555555555556
1	sub-01	1	1	Legal	88.88888888888889
2	sub-01	1	2	Illegal	55.55555555555556
3	sub-01	1	2	Legal	88.88888888888889
4	sub-01	1	3	Illegal	44.44444444444444
5	sub-01	1	3	Legal	100.0
6	sub-01	1	4	Illegal	44.44444444444444
7	sub-01	1	4	Legal	88.88888888888889
8	sub-01	1	5	Illegal	88.88888888888889
9	sub-01	1	5	Legal	88.88888888888889
10	sub-01	2	1	Illegal	66.66666666666666
11	sub-01	2	1	Legal	77.77777777777779
12	sub-01	2	2	Illegal	66.66666666666666
13	sub-01	2	2	Legal	88.88888888888889
14	sub-01	2	3	Illegal	66.66666666666666
15	sub-01	2	3	Legal	88.88888888888889
16	sub-01	2	4	Illegal	77.77777777777779
17	sub-01	2	4	Legal	88.88888888888889
18	sub-01	2	5	Illegal	77.77777777777779
19	sub-01	2	5	Legal	100.0
20	sub-01	3	1	Illegal	44.44444444444444
21	sub-01	3	1	Legal	88.88888888888889
22	sub-01	3	2	Illegal	66.66666666666666
23	sub-01	3	2	Legal	88.88888888888889
24	sub-01	3	3	Illegal	77.77777777777779
25	sub-01	3	3	Legal	88.88888888888889
26	sub-01	3	4	Illegal	66.66666666666666
27	sub-01	3	4	Legal	88.88888888888889
28	sub-01	3	5	Illegal	77.77777777777779
29	sub-01	3	5	Legal	88.88888888888889
30	sub-01	4	1	Illegal	66.66666666666666
31	sub-01	4	1	Legal	88.88888888888889
32	sub-01	4	2	Illegal	66.66666666666666
33	sub-01	4	2	Legal	88.88888888888889
34	sub-01	4	3	Illegal	88.88888888888889
35	sub-01	4	3	Legal	77.77777777777779
36	sub-01	4	4	Illegal	55.55555555555556
37	sub-01	4	4	Legal	66.66666666666666
38	sub-01	4	5	Illegal	66.66666666666666
39	sub-01	4	5	Legal	88.88888888888889
40	sub-01	5	1	Illegal	55.55555555555556
41	sub-01	5	1	Legal	100.0
42	sub-01	5	2	Illegal	77.77777777777779
43	sub-01	5	2	Legal	77.77777777777779
44	sub-01	5	3	Illegal	44.44444444444444
45	sub-01	5	3	Legal	100.0
46	sub-01	5	4	Illegal	77.77777777777779
47	sub-01	5	4	Legal	77.77777777777779
48	sub-01	5	5	Illegal	66.66666666666666
49	sub-01	5	5	Legal	88.88888888888889
50	sub-01	6	1	Illegal	88.88888888888889
51	sub-01	6	1	Legal	77.77777777777779
52	sub-01	6	2	Illegal	88.88888888888889
53	sub-01	6	2	Legal	88.88888888888889
54	sub-01	6	3	Illegal	100.0
55	sub-01	6	3	Legal	77.77777777777779
56	sub-01	6	4	Illegal	77.77777777777779
57	sub-01	6	4	Legal	88.88888888888889
58	sub-01	6	5	Illegal	88.88888888888889
59	sub-01	6	5	Legal	88.88888888888889
60	sub-01	7	1	Illegal	66.66666666666666
61	sub-01	7	1	Legal	77.77777777777779
62	sub-01	7	2	Illegal	88.88888888888889
63	sub-01	7	2	Legal	66.66666666666666
64	sub-01	7	3	Illegal	77.77777777777779
65	sub-01	7	3	Legal	77.77777777777779
66	sub-01	7	4	Illegal	77.77777777777779
67	sub-01	7	4	Legal	77.77777777777779
68	sub-01	7	5	Illegal	66.66666666666666
69	sub-01	7	5	Legal	100.0
70	sub-01	8	1	Illegal	77.77777777777779
71	sub-01	8	1	Legal	88.88888888888889
72	sub-01	8	2	Illegal	100.0
73	sub-01	8	2	Legal	77.77777777777779
74	sub-01	8	3	Illegal	66.66666666666666
75	sub-01	8	3	Legal	88.88888888888889
76	sub-01	8	4	Illegal	77.77777777777779
77	sub-01	8	4	Legal	88.88888888888889
78	sub-01	8	5	Illegal	88.88888888888889
79	sub-01	8	5	Legal	88.88888888888889
80	sub-01	9	1	Illegal	77.77777777777779
81	sub-01	9	1	Legal	100.0
82	sub-01	9	2	Illegal	77.77777777777779
83	sub-01	9	2	Legal	100.0
84	sub-01	9	3	Illegal	66.66666666666666
85	sub-01	9	3	Legal	100.0
86	sub-01	9	4	Illegal	88.88888888888889
87	sub-01	9	4	Legal	100.0
88	sub-01	9	5	Illegal	55.55555555555556
89	sub-01	9	5	Legal	77.77777777777779
90	sub-03	1	1	Illegal	44.44444444444444
91	sub-03	1	1	Legal	100.0
92	sub-03	1	2	Illegal	33.33333333333333
93	sub-03	1	2	Legal	88.88888888888889
94	sub-03	1	3	Illegal	44.44444444444444
95	sub-03	1	3	Legal	88.88888888888889
96	sub-03	1	4	Illegal	33.33333333333333
97	sub-03	1	4	Legal	88.88888888888889
98	sub-03	1	5	Illegal	22.22222222222222
99	sub-03	1	5	Legal	77.77777777777779
100	sub-03	2	1	Illegal	55.55555555555556
101	sub-03	2	1	Legal	66.66666666666666
102	sub-03	2	2	Illegal	44.44444444444444
103	sub-03	2	2	Legal	55.55555555555556
104	sub-03	2	3	Illegal	44.44444444444444
105	sub-03	2	3	Legal	77.77777777777779
106	sub-03	2	4	Illegal	22.22222222222222
107	sub-03	2	4	Legal	77.77777777777779
108	sub-03	2	5	Illegal	66.66666666666666
109	sub-03	2	5	Legal	77.77777777777779
110	sub-03	3	1	Illegal	66.66666666666666
111	sub-03	3	1	Legal	88.88888888888889
112	sub-03	3	2	Illegal	44.44444444444444
113	sub-03	3	2	Legal	100.0
114	sub-03	3	3	Illegal	55.55555555555556
115	sub-03	3	3	Legal	100.0
116	sub-03	3	4	Illegal	66.66666666666666
117	sub-03	3	4	Legal	88.88888888888889
118	sub-03	3	5	Illegal	55.55555555555556
119	sub-03	3	5	Legal	88.88888888888889
120	sub-03	4	1	Illegal	55.55555555555556
121	sub-03	4	1	Legal	88.88888888888889
122	sub-03	4	2	Illegal	66.66666666666666
123	sub-03	4	2	Legal	66.66666666666666
124	sub-03	4	3	Illegal	55.55555555555556
125	sub-03	4	3	Legal	88.88888888888889
126	sub-03	4	4	Illegal	77.77777777777779
127	sub-03	4	4	Legal	88.88888888888889
128	sub-03	4	5	Illegal	55.55555555555556
129	sub-03	4	5	Legal	100.0
130	sub-03	5	1	Illegal	44.44444444444444
131	sub-03	5	1	Legal	88.88888888888889
132	sub-03	5	2	Illegal	77.77777777777779
133	sub-03	5	2	Legal	100.0
134	sub-03	5	3	Illegal	44.44444444444444
135	sub-03	5	3	Legal	88.88888888888889
136	sub-03	5	4	Illegal	66.66666666666666
137	sub-03	5	4	Legal	100.0
138	sub-03	5	5	Illegal	55.55555555555556
139	sub-03	5	5	Legal	88.88888888888889
140	sub-03	6	1	Illegal	66.66666666666666
141	sub-03	6	1	Legal	100.0
142	sub-03	6	2	Illegal	66.66666666666666
143	sub-03	6	2	Legal	88.88888888888889
144	sub-03	6	3	Illegal	55.55555555555556
145	sub-03	6	3	Legal	100.0
146	sub-03	6	4	Illegal	55.55555555555556
147	sub-03	6	4	Legal	77.77777777777779
148	sub-03	6	5	Illegal	44.44444444444444
149	sub-03	6	5	Legal	100.0
150	sub-03	7	1	Illegal	66.66666666666666
151	sub-03	7	1	Legal	100.0
152	sub-03	7	2	Illegal	77.77777777777779
153	sub-03	7	2	Legal	100.0
154	sub-03	7	3	Illegal	44.44444444444444
155	sub-03	7	3	Legal	88.88888888888889
156	sub-03	7	4	Illegal	55.55555555555556
157	sub-03	7	4	Legal	100.0
158	sub-03	7	5	Illegal	66.66666666666666
159	sub-03	7	5	Legal	100.0
160	sub-03	8	1	Illegal	44.44444444444444
161	sub-03	8	1	Legal	100.0
162	sub-03	8	2	Illegal	77.77777777777779
163	sub-03	8	2	Legal	100.0
164	sub-03	8	3	Illegal	77.77777777777779
165	sub-03	8	3	Legal	66.66666666666666
166	sub-03	8	4	Illegal	66.66666666666666
167	sub-03	8	4	Legal	66.66666666666666
168	sub-03	8	5	Illegal	66.66666666666666
169	sub-03	8	5	Legal	77.77777777777779
170	sub-03	9	1	Illegal	77.77777777777779
171	sub-03	9	1	Legal	100.0
172	sub-03	9	2	Illegal	44.44444444444444
173	sub-03	9	2	Legal	77.77777777777779
174	sub-03	9	3	Illegal	44.44444444444444
175	sub-03	9	3	Legal	55.55555555555556
176	sub-03	9	4	Illegal	77.77777777777779
177	sub-03	9	4	Legal	100.0
178	sub-03	9	5	Illegal	44.44444444444444
179	sub-03	9	5	Legal	77.77777777777779
180	sub-04	5	1	Illegal	55.55555555555556
181	sub-04	5	1	Legal	100.0
182	sub-04	5	2	Illegal	44.44444444444444
183	sub-04	5	2	Legal	66.66666666666666
184	sub-04	5	3	Illegal	44.44444444444444
185	sub-04	5	3	Legal	88.88888888888889
186	sub-04	5	4	Illegal	55.55555555555556
187	sub-04	5	4	Legal	88.88888888888889
188	sub-04	5	5	Illegal	33.33333333333333
189	sub-04	5	5	Legal	77.77777777777779
190	sub-04	6	1	Illegal	33.33333333333333
191	sub-04	6	1	Legal	100.0
192	sub-04	6	2	Illegal	55.55555555555556
193	sub-04	6	2	Legal	100.0
194	sub-04	6	3	Illegal	55.55555555555556
195	sub-04	6	3	Legal	88.88888888888889
196	sub-04	6	4	Illegal	44.44444444444444
197	sub-04	6	4	Legal	88.88888888888889
198	sub-04	6	5	Illegal	55.55555555555556
199	sub-04	6	5	Legal	100.0
200	sub-04	7	1	Illegal	66.66666666666666
201	sub-04	7	1	Legal	100.0
202	sub-04	7	2	Illegal	66.66666666666666
203	sub-04	7	2	Legal	88.88888888888889
204	sub-04	7	3	Illegal	55.55555555555556
205	sub-04	7	3	Legal	88.88888888888889
206	sub-04	7	4	Illegal	66.66666666666666
207	sub-04	7	4	Legal	88.88888888888889
208	sub-04	7	5	Illegal	33.33333333333333
209	sub-04	7	5	Legal	100.0
210	sub-04	8	1	Illegal	77.77777777777779
211	sub-04	8	1	Legal	100.0
212	sub-04	8	2	Illegal	55.55555555555556
213	sub-04	8	2	Legal	88.88888888888889
214	sub-04	8	3	Illegal	66.66666666666666
215	sub-04	8	3	Legal	100.0
216	sub-04	8	4	Illegal	66.66666666666666
217	sub-04	8	4	Legal	100.0
218	sub-04	8	5	Illegal	66.66666666666666
219	sub-04	8	5	Legal	88.88888888888889
220	sub-04	9	1	Illegal	77.77777777777779
221	sub-04	9	1	Legal	100.0
222	sub-04	9	2	Illegal	44.44444444444444
223	sub-04	9	2	Legal	100.0
224	sub-04	9	3	Illegal	55.55555555555556
225	sub-04	9	3	Legal	88.88888888888889
226	sub-04	9	4	Illegal	55.55555555555556
227	sub-04	9	4	Legal	88.88888888888889
228	sub-04	9	5	Illegal	55.55555555555556
229	sub-04	9	5	Legal	88.88888888888889
230	sub-05	1	1	Illegal	66.66666666666666
231	sub-05	1	1	Legal	77.77777777777779
232	sub-05	1	2	Illegal	22.22222222222222
233	sub-05	1	2	Legal	77.77777777777779
234	sub-05	1	3	Illegal	22.22222222222222
235	sub-05	1	3	Legal	77.77777777777779
236	sub-05	1	4	Illegal	44.44444444444444
237	sub-05	1	4	Legal	66.66666666666666
238	sub-05	1	5	Illegal	33.33333333333333
239	sub-05	1	5	Legal	77.77777777777779
240	sub-05	2	1	Illegal	44.44444444444444
241	sub-05	2	1	Legal	88.88888888888889
242	sub-05	2	2	Illegal	55.55555555555556
243	sub-05	2	2	Legal	88.88888888888889
244	sub-05	2	3	Illegal	44.44444444444444
245	sub-05	2	3	Legal	55.55555555555556
246	sub-05	2	4	Illegal	33.33333333333333
247	sub-05	2	4	Legal	66.66666666666666
248	sub-05	2	5	Illegal	44.44444444444444
249	sub-05	2	5	Legal	88.88888888888889
250	sub-05	3	1	Illegal	55.55555555555556
251	sub-05	3	1	Legal	77.77777777777779
252	sub-05	3	2	Illegal	44.44444444444444
253	sub-05	3	2	Legal	66.66666666666666
254	sub-05	3	3	Illegal	33.33333333333333
255	sub-05	3	3	Legal	77.77777777777779
256	sub-05	3	4	Illegal	44.44444444444444
257	sub-05	3	4	Legal	77.77777777777779
258	sub-05	3	5	Illegal	44.44444444444444
259	sub-05	3	5	Legal	88.88888888888889
260	sub-05	4	1	Illegal	55.55555555555556
261	sub-05	4	1	Legal	88.88888888888889
262	sub-05	4	2	Illegal	33.33333333333333
263	sub-05	4	2	Legal	88.88888888888889
264	sub-05	4	3	Illegal	77.77777777777779
265	sub-05	4	3	Legal	77.77777777777779
266	sub-05	4	4	Illegal	66.66666666666666
267	sub-05	4	4	Legal	77.77777777777779
268	sub-05	4	5	Illegal	55.55555555555556
269	sub-05	4	5	Legal	88.88888888888889
270	sub-05	5	1	Illegal	55.55555555555556
271	sub-05	5	1	Legal	88.88888888888889
272	sub-05	5	2	Illegal	66.66666666666666
273	sub-05	5	2	Legal	88.88888888888889
274	sub-05	5	3	Illegal	66.66666666666666
275	sub-05	5	3	Legal	88.88888888888889
276	sub-05	5	4	Illegal	33.33333333333333
277	sub-05	5	4	Legal	100.0
278	sub-05	5	5	Illegal	66.66666666666666
279	sub-05	5	5	Legal	77.77777777777779
280	sub-05	6	1	Illegal	44.44444444444444
281	sub-05	6	1	Legal	77.77777777777779
282	sub-05	6	2	Illegal	11.11111111111111
283	sub-05	6	2	Legal	77.77777777777779
284	sub-05	6	3	Illegal	55.55555555555556
285	sub-05	6	3	Legal	88.88888888888889
286	sub-05	6	4	Illegal	77.77777777777779
287	sub-05	6	4	Legal	55.55555555555556
288	sub-05	6	5	Illegal	66.66666666666666
289	sub-05	6	5	Legal	88.88888888888889
290	sub-05	7	1	Illegal	44.44444444444444
291	sub-05	7	1	Legal	77.77777777777779
292	sub-05	7	2	Illegal	66.66666666666666
293	sub-05	7	2	Legal	77.77777777777779
294	sub-05	7	3	Illegal	55.55555555555556
295	sub-05	7	3	Legal	77.77777777777779
296	sub-05	7	4	Illegal	55.55555555555556
297	sub-05	7	4	Legal	100.0
298	sub-05	7	5	Illegal	66.66666666666666
299	sub-05	7	5	Legal	88.88888888888889
300	sub-05	8	1	Illegal	77.77777777777779
301	sub-05	8	1	Legal	77.77777777777779
302	sub-05	8	2	Illegal	66.66666666666666
303	sub-05	8	2	Legal	66.66666666666666
304	sub-05	8	3	Illegal	55.55555555555556
305	sub-05	8	3	Legal	88.88888888888889
306	sub-05	8	4	Illegal	55.55555555555556
307	sub-05	8	4	Legal	100.0
308	sub-05	8	5	Illegal	55.55555555555556
309	sub-05	8	5	Legal	55.55555555555556
310	sub-05	9	1	Illegal	66.66666666666666
311	sub-05	9	1	Legal	88.88888888888889
312	sub-05	9	2	Illegal	55.55555555555556
313	sub-05	9	2	Legal	88.88888888888889
314	sub-05	9	3	Illegal	44.44444444444444
315	sub-05	9	3	Legal	100.0
316	sub-05	9	4	Illegal	55.55555555555556
317	sub-05	9	4	Legal	77.77777777777779
318	sub-05	9	5	Illegal	77.77777777777779
319	sub-05	9	5	Legal	66.66666666666666
320	sub-06	1	1	Illegal	55.55555555555556
321	sub-06	1	1	Legal	88.88888888888889
322	sub-06	1	2	Illegal	44.44444444444444
323	sub-06	1	2	Legal	100.0
324	sub-06	1	3	Illegal	33.33333333333333
325	sub-06	1	3	Legal	77.77777777777779
326	sub-06	1	4	Illegal	55.55555555555556
327	sub-06	1	4	Legal	100.0
328	sub-06	1	5	Illegal	55.55555555555556
329	sub-06	1	5	Legal	44.44444444444444
330	sub-06	2	1	Illegal	33.33333333333333
331	sub-06	2	1	Legal	77.77777777777779
332	sub-06	2	2	Illegal	44.44444444444444
333	sub-06	2	2	Legal	55.55555555555556
334	sub-06	2	3	Illegal	55.55555555555556
335	sub-06	2	3	Legal	88.88888888888889
336	sub-06	2	4	Illegal	55.55555555555556
337	sub-06	2	4	Legal	77.77777777777779
338	sub-06	2	5	Illegal	33.33333333333333
339	sub-06	2	5	Legal	88.88888888888889
340	sub-06	3	1	Illegal	33.33333333333333
341	sub-06	3	1	Legal	100.0
342	sub-06	3	2	Illegal	66.66666666666666
343	sub-06	3	2	Legal	77.77777777777779
344	sub-06	3	3	Illegal	44.44444444444444
345	sub-06	3	3	Legal	100.0
346	sub-06	3	4	Illegal	77.77777777777779
347	sub-06	3	4	Legal	66.66666666666666
348	sub-06	3	5	Illegal	55.55555555555556
349	sub-06	3	5	Legal	100.0
350	sub-06	4	1	Illegal	55.55555555555556
351	sub-06	4	1	Legal	100.0
352	sub-06	4	2	Illegal	88.88888888888889
353	sub-06	4	2	Legal	100.0
354	sub-06	4	3	Illegal	44.44444444444444
355	sub-06	4	3	Legal	77.77777777777779
356	sub-06	4	4	Illegal	44.44444444444444
357	sub-06	4	4	Legal	100.0
358	sub-06	4	5	Illegal	55.55555555555556
359	sub-06	4	5	Legal	100.0
360	sub-06	5	1	Illegal	77.77777777777779
361	sub-06	5	1	Legal	100.0
362	sub-06	5	2	Illegal	88.88888888888889
363	sub-06	5	2	Legal	88.88888888888889
364	sub-06	5	3	Illegal	55.55555555555556
365	sub-06	5	3	Legal	77.77777777777779
366	sub-06	5	4	Illegal	88.88888888888889
367	sub-06	5	4	Legal	100.0
368	sub-06	5	5	Illegal	77.77777777777779
369	sub-06	5	5	Legal	100.0
370	sub-06	6	1	Illegal	88.88888888888889
371	sub-06	6	1	Legal	100.0
372	sub-06	6	2	Illegal	55.55555555555556
373	sub-06	6	2	Legal	77.77777777777779
374	sub-06	6	3	Illegal	66.66666666666666
375	sub-06	6	3	Legal	88.88888888888889
376	sub-06	6	4	Illegal	33.33333333333333
377	sub-06	6	4	Legal	88.88888888888889
378	sub-06	6	5	Illegal	22.22222222222222
379	sub-06	6	5	Legal	88.88888888888889
380	sub-06	7	1	Illegal	88.88888888888889
381	sub-06	7	1	Legal	100.0
382	sub-06	7	2	Illegal	55.55555555555556
383	sub-06	7	2	Legal	88.88888888888889
384	sub-06	7	3	Illegal	88.88888888888889
385	sub-06	7	3	Legal	100.0
386	sub-06	7	4	Illegal	44.44444444444444
387	sub-06	7	4	Legal	88.88888888888889
388	sub-06	7	5	Illegal	66.66666666666666
389	sub-06	7	5	Legal	100.0
390	sub-06	8	1	Illegal	77.77777777777779
391	sub-06	8	1	Legal	77.77777777777779
392	sub-06	8	2	Illegal	55.55555555555556
393	sub-06	8	2	Legal	88.88888888888889
394	sub-06	8	3	Illegal	55.55555555555556
395	sub-06	8	3	Legal	88.88888888888889
396	sub-06	8	4	Illegal	77.77777777777779
397	sub-06	8	4	Legal	77.77777777777779
398	sub-06	8	5	Illegal	66.66666666666666
399	sub-06	8	5	Legal	77.77777777777779
400	sub-06	9	1	Illegal	77.77777777777779
401	sub-06	9	1	Legal	88.88888888888889
402	sub-06	9	2	Illegal	77.77777777777779
403	sub-06	9	2	Legal	100.0
404	sub-06	9	3	Illegal	55.55555555555556
405	sub-06	9	3	Legal	77.77777777777779
406	sub-06	9	4	Illegal	66.66666666666666
407	sub-06	9	4	Legal	100.0
408	sub-06	9	5	Illegal	55.55555555555556
409	sub-06	9	5	Legal	88.88888888888889
410	sub-07	1	1	Illegal	77.77777777777779
411	sub-07	1	1	Legal	66.66666666666666
412	sub-07	1	2	Illegal	66.66666666666666
413	sub-07	1	2	Legal	55.55555555555556
414	sub-07	1	3	Illegal	88.88888888888889
415	sub-07	1	3	Legal	66.66666666666666
416	sub-07	1	4	Illegal	44.44444444444444
417	sub-07	1	4	Legal	77.77777777777779
418	sub-07	1	5	Illegal	44.44444444444444
419	sub-07	1	5	Legal	66.66666666666666
420	sub-07	2	1	Illegal	88.88888888888889
421	sub-07	2	1	Legal	88.88888888888889
422	sub-07	2	2	Illegal	77.77777777777779
423	sub-07	2	2	Legal	88.88888888888889
424	sub-07	2	3	Illegal	77.77777777777779
425	sub-07	2	3	Legal	88.88888888888889
426	sub-07	2	4	Illegal	55.55555555555556
427	sub-07	2	4	Legal	77.77777777777779
428	sub-07	2	5	Illegal	77.77777777777779
429	sub-07	2	5	Legal	77.77777777777779
430	sub-07	3	1	Illegal	77.77777777777779
431	sub-07	3	1	Legal	77.77777777777779
432	sub-07	3	2	Illegal	88.88888888888889
433	sub-07	3	2	Legal	77.77777777777779
434	sub-07	3	3	Illegal	55.55555555555556
435	sub-07	3	3	Legal	66.66666666666666
436	sub-07	3	4	Illegal	55.55555555555556
437	sub-07	3	4	Legal	77.77777777777779
438	sub-07	3	5	Illegal	66.66666666666666
439	sub-07	3	5	Legal	66.66666666666666
440	sub-07	4	1	Illegal	77.77777777777779
441	sub-07	4	1	Legal	66.66666666666666
442	sub-07	4	2	Illegal	88.88888888888889
443	sub-07	4	2	Legal	55.55555555555556
444	sub-07	4	3	Illegal	33.33333333333333
445	sub-07	4	3	Legal	88.88888888888889
446	sub-07	4	4	Illegal	55.55555555555556
447	sub-07	4	4	Legal	77.77777777777779
448	sub-07	4	5	Illegal	44.44444444444444
449	sub-07	4	5	Legal	55.55555555555556
450	sub-07	5	1	Illegal	33.33333333333333
451	sub-07	5	1	Legal	77.77777777777779
452	sub-07	5	2	Illegal	100.0
453	sub-07	5	2	Legal	66.66666666666666
454	sub-07	5	3	Illegal	77.77777777777779
455	sub-07	5	3	Legal	88.88888888888889
456	sub-07	5	4	Illegal	44.44444444444444
457	sub-07	5	4	Legal	77.77777777777779
458	sub-07	5	5	Illegal	88.88888888888889
459	sub-07	5	5	Legal	77.77777777777779
460	sub-07	6	1	Illegal	77.77777777777779
461	sub-07	6	1	Legal	88.88888888888889
462	sub-07	6	2	Illegal	77.77777777777779
463	sub-07	6	2	Legal	77.77777777777779
464	sub-07	6	3	Illegal	55.55555555555556
465	sub-07	6	3	Legal	44.44444444444444
466	sub-07	6	4	Illegal	55.55555555555556
467	sub-07	6	4	Legal	66.66666666666666
468	sub-07	6	5	Illegal	55.55555555555556
469	sub-07	6	5	Legal	77.77777777777779
470	sub-07	7	1	Illegal	77.77777777777779
471	sub-07	7	1	Legal	88.88888888888889
472	sub-07	7	2	Illegal	66.66666666666666
473	sub-07	7	2	Legal	77.77777777777779
474	sub-07	7	3	Illegal	66.66666666666666
475	sub-07	7	3	Legal	77.77777777777779
476	sub-07	7	4	Illegal	55.55555555555556
477	sub-07	7	4	Legal	77.77777777777779
478	sub-07	7	5	Illegal	55.55555555555556
479	sub-07	7	5	Legal	66.66666666666666
480	sub-07	8	1	Illegal	77.77777777777779
481	sub-07	8	1	Legal	55.55555555555556
482	sub-07	8	2	Illegal	66.66666666666666
483	sub-07	8	2	Legal	77.77777777777779
484	sub-07	8	3	Illegal	88.88888888888889
485	sub-07	8	3	Legal	66.66666666666666
486	sub-07	8	4	Illegal	77.77777777777779
487	sub-07	8	4	Legal	55.55555555555556
488	sub-07	8	5	Illegal	66.66666666666666
489	sub-07	8	5	Legal	77.77777777777779
490	sub-07	9	1	Illegal	88.88888888888889
491	sub-07	9	1	Legal	77.77777777777779
492	sub-07	9	2	Illegal	88.88888888888889
493	sub-07	9	2	Legal	66.66666666666666
494	sub-07	9	3	Illegal	88.88888888888889
495	sub-07	9	3	Legal	88.88888888888889
496	sub-07	9	4	Illegal	77.77777777777779
497	sub-07	9	4	Legal	77.77777777777779
498	sub-07	9	5	Illegal	66.66666666666666
499	sub-07	9	5	Legal	44.44444444444444
500	sub-08	1	1	Illegal	33.33333333333333
501	sub-08	1	1	Legal	66.66666666666666
502	sub-08	1	2	Illegal	33.33333333333333
503	sub-08	1	2	Legal	66.66666666666666
504	sub-08	1	3	Illegal	11.11111111111111
505	sub-08	1	3	Legal	66.66666666666666
506	sub-08	1	4	Illegal	11.11111111111111
507	sub-08	1	4	Legal	88.88888888888889
508	sub-08	1	5	Illegal	33.33333333333333
509	sub-08	1	5	Legal	66.66666666666666
510	sub-08	2	1	Illegal	22.22222222222222
511	sub-08	2	1	Legal	66.66666666666666
512	sub-08	2	2	Illegal	22.22222222222222
513	sub-08	2	2	Legal	77.77777777777779
514	sub-08	2	3	Illegal	33.33333333333333
515	sub-08	2	3	Legal	88.88888888888889
516	sub-08	2	4	Illegal	33.33333333333333
517	sub-08	2	4	Legal	88.88888888888889
518	sub-08	2	5	Illegal	44.44444444444444
519	sub-08	2	5	Legal	77.77777777777779
520	sub-08	3	1	Illegal	22.22222222222222
521	sub-08	3	1	Legal	66.66666666666666
522	sub-08	3	2	Illegal	33.33333333333333
523	sub-08	3	2	Legal	100.0
524	sub-08	3	3	Illegal	44.44444444444444
525	sub-08	3	3	Legal	66.66666666666666
526	sub-08	3	4	Illegal	55.55555555555556
527	sub-08	3	4	Legal	88.88888888888889
528	sub-08	3	5	Illegal	33.33333333333333
529	sub-08	3	5	Legal	88.88888888888889
530	sub-08	4	1	Illegal	33.33333333333333
531	sub-08	4	1	Legal	66.66666666666666
532	sub-08	4	2	Illegal	55.55555555555556
533	sub-08	4	2	Legal	88.88888888888889
534	sub-08	4	3	Illegal	66.66666666666666
535	sub-08	4	3	Legal	88.88888888888889
536	sub-08	4	4	Illegal	44.44444444444444
537	sub-08	4	4	Legal	77.77777777777779
538	sub-08	4	5	Illegal	22.22222222222222
539	sub-08	4	5	Legal	88.88888888888889
540	sub-08	5	1	Illegal	44.44444444444444
541	sub-08	5	1	Legal	77.77777777777779
542	sub-08	5	2	Illegal	33.33333333333333
543	sub-08	5	2	Legal	88.88888888888889
544	sub-08	5	3	Illegal	33.33333333333333
545	sub-08	5	3	Legal	66.66666666666666
546	sub-08	5	4	Illegal	44.44444444444444
547	sub-08	5	4	Legal	77.77777777777779
548	sub-08	5	5	Illegal	44.44444444444444
549	sub-08	5	5	Legal	88.88888888888889
550	sub-08	6	1	Illegal	33.33333333333333
551	sub-08	6	1	Legal	77.77777777777779
552	sub-08	6	2	Illegal	55.55555555555556
553	sub-08	6	2	Legal	88.88888888888889
554	sub-08	6	3	Illegal	22.22222222222222
555	sub-08	6	3	Legal	66.66666666666666
556	sub-08	6	4	Illegal	22.22222222222222
557	sub-08	6	4	Legal	77.77777777777779
558	sub-08	6	5	Illegal	22.22222222222222
559	sub-08	6	5	Legal	88.88888888888889
560	sub-08	7	1	Illegal	55.55555555555556
561	sub-08	7	1	Legal	55.55555555555556
562	sub-08	7	2	Illegal	55.55555555555556
563	sub-08	7	2	Legal	77.77777777777779
564	sub-08	7	3	Illegal	44.44444444444444
565	sub-08	7	3	Legal	55.55555555555556
566	sub-08	7	4	Illegal	66.66666666666666
567	sub-08	7	4	Legal	100.0
568	sub-08	7	5	Illegal	77.77777777777779
569	sub-08	7	5	Legal	88.88888888888889
570	sub-08	8	1	Illegal	44.44444444444444
571	sub-08	8	1	Legal	77.77777777777779
572	sub-08	8	2	Illegal	66.66666666666666
573	sub-08	8	2	Legal	66.66666666666666
574	sub-08	8	3	Illegal	66.66666666666666
575	sub-08	8	3	Legal	88.88888888888889
576	sub-08	8	4	Illegal	66.66666666666666
577	sub-08	8	4	Legal	88.88888888888889
578	sub-08	8	5	Illegal	55.55555555555556
579	sub-08	8	5	Legal	77.77777777777779
580	sub-08	9	1	Illegal	88.88888888888889
581	sub-08	9	1	Legal	77.77777777777779
582	sub-08	9	2	Illegal	33.33333333333333
583	sub-08	9	2	Legal	88.88888888888889
584	sub-08	9	3	Illegal	77.77777777777779
585	sub-08	9	3	Legal	77.77777777777779
586	sub-08	9	4	Illegal	55.55555555555556
587	sub-08	9	4	Legal	100.0
588	sub-08	9	5	Illegal	44.44444444444444
589	sub-08	9	5	Legal	77.77777777777779
590	sub-10	1	1	Illegal	0.0
591	sub-10	1	1	Legal	77.77777777777779
592	sub-10	1	2	Illegal	22.22222222222222
593	sub-10	1	2	Legal	55.55555555555556
594	sub-10	1	3	Illegal	11.11111111111111
595	sub-10	1	3	Legal	55.55555555555556
596	sub-10	1	4	Illegal	11.11111111111111
597	sub-10	1	4	Legal	88.88888888888889
598	sub-10	1	5	Illegal	11.11111111111111
599	sub-10	1	5	Legal	77.77777777777779
600	sub-10	2	1	Illegal	11.11111111111111
601	sub-10	2	1	Legal	88.88888888888889
602	sub-10	2	2	Illegal	0.0
603	sub-10	2	2	Legal	44.44444444444444
604	sub-10	2	3	Illegal	11.11111111111111
605	sub-10	2	3	Legal	77.77777777777779
606	sub-10	2	4	Illegal	0.0
607	sub-10	2	4	Legal	88.88888888888889
608	sub-10	2	5	Illegal	11.11111111111111
609	sub-10	2	5	Legal	88.88888888888889
610	sub-10	3	1	Illegal	11.11111111111111
611	sub-10	3	1	Legal	88.88888888888889
612	sub-10	3	2	Illegal	22.22222222222222
613	sub-10	3	2	Legal	77.77777777777779
614	sub-10	3	3	Illegal	22.22222222222222
615	sub-10	3	3	Legal	55.55555555555556
616	sub-10	3	4	Illegal	0.0
617	sub-10	3	4	Legal	66.66666666666666
618	sub-10	3	5	Illegal	0.0
619	sub-10	3	5	Legal	55.55555555555556
620	sub-10	4	1	Illegal	22.22222222222222
621	sub-10	4	1	Legal	66.66666666666666
622	sub-10	4	2	Illegal	0.0
623	sub-10	4	2	Legal	77.77777777777779
624	sub-10	4	3	Illegal	11.11111111111111
625	sub-10	4	3	Legal	44.44444444444444
626	sub-10	4	4	Illegal	0.0
627	sub-10	4	4	Legal	66.66666666666666
628	sub-10	4	5	Illegal	0.0
629	sub-10	4	5	Legal	66.66666666666666
630	sub-10	5	1	Illegal	0.0
631	sub-10	5	1	Legal	77.77777777777779
632	sub-10	5	2	Illegal	11.11111111111111
633	sub-10	5	2	Legal	66.66666666666666
634	sub-10	5	3	Illegal	0.0
635	sub-10	5	3	Legal	66.66666666666666
636	sub-10	5	4	Illegal	22.22222222222222
637	sub-10	5	4	Legal	77.77777777777779
638	sub-10	5	5	Illegal	11.11111111111111
639	sub-10	5	5	Legal	44.44444444444444
640	sub-10	6	1	Illegal	0.0
641	sub-10	6	1	Legal	66.66666666666666
642	sub-10	6	2	Illegal	0.0
643	sub-10	6	2	Legal	66.66666666666666
644	sub-10	6	3	Illegal	0.0
645	sub-10	6	3	Legal	66.66666666666666
646	sub-10	6	4	Illegal	11.11111111111111
647	sub-10	6	4	Legal	66.66666666666666
648	sub-10	6	5	Illegal	0.0
649	sub-10	6	5	Legal	55.55555555555556
650	sub-10	7	1	Illegal	22.22222222222222
651	sub-10	7	1	Legal	66.66666666666666
652	sub-10	7	2	Illegal	11.11111111111111
653	sub-10	7	2	Legal	33.33333333333333
654	sub-10	7	3	Illegal	0.0
655	sub-10	7	3	Legal	66.66666666666666
656	sub-10	7	4	Illegal	11.11111111111111
657	sub-10	7	4	Legal	66.66666666666666
658	sub-10	7	5	Illegal	11.11111111111111
659	sub-10	7	5	Legal	77.77777777777779
660	sub-10	8	1	Illegal	11.11111111111111
661	sub-10	8	1	Legal	66.66666666666666
662	sub-10	8	2	Illegal	11.11111111111111
663	sub-10	8	2	Legal	44.44444444444444
664	sub-10	8	3	Illegal	0.0
665	sub-10	8	3	Legal	77.77777777777779
666	sub-10	8	4	Illegal	22.22222222222222
667	sub-10	8	4	Legal	77.77777777777779
668	sub-10	8	5	Illegal	11.11111111111111
669	sub-10	8	5	Legal	66.66666666666666
670	sub-10	9	1	Illegal	0.0
671	sub-10	9	1	Legal	77.77777777777779
672	sub-10	9	2	Illegal	22.22222222222222
673	sub-10	9	2	Legal	66.66666666666666
674	sub-10	9	3	Illegal	0.0
675	sub-10	9	3	Legal	55.55555555555556
676	sub-10	9	4	Illegal	11.11111111111111
677	sub-10	9	4	Legal	66.66666666666666
678	sub-10	9	5	Illegal	11.11111111111111
679	sub-10	9	5	Legal	66.66666666666666
680	sub-12	1	1	Illegal	22.22222222222222
681	sub-12	1	1	Legal	66.66666666666666
682	sub-12	1	2	Illegal	22.22222222222222
683	sub-12	1	2	Legal	33.33333333333333
684	sub-12	1	3	Illegal	22.22222222222222
685	sub-12	1	3	Legal	33.33333333333333
686	sub-12	1	4	Illegal	11.11111111111111
687	sub-12	1	4	Legal	55.55555555555556
688	sub-12	1	5	Illegal	0.0
689	sub-12	1	5	Legal	44.44444444444444
690	sub-12	2	1	Illegal	33.33333333333333
691	sub-12	2	1	Legal	44.44444444444444
692	sub-12	2	2	Illegal	11.11111111111111
693	sub-12	2	2	Legal	55.55555555555556
694	sub-12	2	3	Illegal	0.0
695	sub-12	2	3	Legal	66.66666666666666
696	sub-12	2	4	Illegal	33.33333333333333
697	sub-12	2	4	Legal	44.44444444444444
698	sub-12	2	5	Illegal	11.11111111111111
699	sub-12	2	5	Legal	44.44444444444444
700	sub-12	3	1	Illegal	22.22222222222222
701	sub-12	3	1	Legal	75.0
702	sub-12	3	2	Illegal	22.22222222222222
703	sub-12	3	2	Legal	44.44444444444444
704	sub-12	3	3	Illegal	22.22222222222222
705	sub-12	3	3	Legal	44.44444444444444
706	sub-12	3	4	Illegal	22.22222222222222
707	sub-12	3	4	Legal	55.55555555555556
708	sub-12	3	5	Illegal	22.22222222222222
709	sub-12	3	5	Legal	11.11111111111111
710	sub-12	4	1	Illegal	11.11111111111111
711	sub-12	4	1	Legal	44.44444444444444
712	sub-12	4	2	Illegal	22.22222222222222
713	sub-12	4	2	Legal	55.55555555555556
714	sub-12	4	3	Illegal	22.22222222222222
715	sub-12	4	3	Legal	55.55555555555556
716	sub-12	4	4	Illegal	22.22222222222222
717	sub-12	4	4	Legal	44.44444444444444
718	sub-12	4	5	Illegal	22.22222222222222
719	sub-12	4	5	Legal	55.55555555555556
720	sub-12	5	1	Illegal	11.11111111111111
721	sub-12	5	1	Legal	66.66666666666666
722	sub-12	5	2	Illegal	22.22222222222222
723	sub-12	5	2	Legal	55.55555555555556
724	sub-12	5	3	Illegal	22.22222222222222
725	sub-12	5	3	Legal	44.44444444444444
726	sub-12	5	4	Illegal	11.11111111111111
727	sub-12	5	4	Legal	44.44444444444444
728	sub-12	5	5	Illegal	11.11111111111111
729	sub-12	5	5	Legal	55.55555555555556
730	sub-12	6	1	Illegal	22.22222222222222
731	sub-12	6	1	Legal	55.55555555555556
732	sub-12	6	2	Illegal	22.22222222222222
733	sub-12	6	2	Legal	44.44444444444444
734	sub-12	6	3	Illegal	33.33333333333333
735	sub-12	6	3	Legal	33.33333333333333
736	sub-12	6	4	Illegal	11.11111111111111
737	sub-12	6	4	Legal	33.33333333333333
738	sub-12	6	5	Illegal	22.22222222222222
739	sub-12	6	5	Legal	33.33333333333333
740	sub-12	7	1	Illegal	22.22222222222222
741	sub-12	7	1	Legal	44.44444444444444
742	sub-12	7	2	Illegal	22.22222222222222
743	sub-12	7	2	Legal	11.11111111111111
744	sub-12	7	3	Illegal	22.22222222222222
745	sub-12	7	3	Legal	33.33333333333333
746	sub-12	7	4	Illegal	11.11111111111111
747	sub-12	7	4	Legal	33.33333333333333
748	sub-12	7	5	Illegal	11.11111111111111
749	sub-12	7	5	Legal	22.22222222222222
750	sub-12	8	1	Illegal	22.22222222222222
751	sub-12	8	1	Legal	33.33333333333333
752	sub-12	8	2	Illegal	11.11111111111111
753	sub-12	8	2	Legal	55.55555555555556
754	sub-12	8	3	Illegal	0.0
755	sub-12	8	3	Legal	33.33333333333333
756	sub-12	8	4	Illegal	11.11111111111111
757	sub-12	8	4	Legal	44.44444444444444
758	sub-12	8	5	Illegal	22.22222222222222
759	sub-12	8	5	Legal	44.44444444444444
760	sub-12	9	1	Illegal	11.11111111111111
761	sub-12	9	1	Legal	44.44444444444444
762	sub-12	9	2	Illegal	11.11111111111111
763	sub-12	9	2	Legal	66.66666666666666
764	sub-12	9	3	Illegal	22.22222222222222
765	sub-12	9	3	Legal	44.44444444444444
766	sub-12	9	4	Illegal	11.11111111111111
767	sub-12	9	4	Legal	33.33333333333333
768	sub-12	9	5	Illegal	11.11111111111111
769	sub-12	9	5	Legal	44.44444444444444
770	sub-13	1	1	Illegal	44.44444444444444
771	sub-13	1	1	Legal	88.88888888888889
772	sub-13	1	2	Illegal	44.44444444444444
773	sub-13	1	2	Legal	100.0
774	sub-13	1	3	Illegal	22.22222222222222
775	sub-13	1	3	Legal	77.77777777777779
776	sub-13	1	4	Illegal	22.22222222222222
777	sub-13	1	4	Legal	88.88888888888889
778	sub-13	1	5	Illegal	44.44444444444444
779	sub-13	1	5	Legal	100.0
780	sub-13	2	1	Illegal	55.55555555555556
781	sub-13	2	1	Legal	100.0
782	sub-13	2	2	Illegal	55.55555555555556
783	sub-13	2	2	Legal	100.0
784	sub-13	2	3	Illegal	22.22222222222222
785	sub-13	2	3	Legal	88.88888888888889
786	sub-13	2	4	Illegal	22.22222222222222
787	sub-13	2	4	Legal	77.77777777777779
788	sub-13	2	5	Illegal	44.44444444444444
789	sub-13	2	5	Legal	88.88888888888889
790	sub-13	3	1	Illegal	44.44444444444444
791	sub-13	3	1	Legal	88.88888888888889
792	sub-13	3	2	Illegal	55.55555555555556
793	sub-13	3	2	Legal	77.77777777777779
794	sub-13	3	3	Illegal	33.33333333333333
795	sub-13	3	3	Legal	88.88888888888889
796	sub-13	3	4	Illegal	44.44444444444444
797	sub-13	3	4	Legal	77.77777777777779
798	sub-13	3	5	Illegal	22.22222222222222
799	sub-13	3	5	Legal	77.77777777777779
800	sub-13	4	1	Illegal	55.55555555555556
801	sub-13	4	1	Legal	100.0
802	sub-13	4	2	Illegal	44.44444444444444
803	sub-13	4	2	Legal	100.0
804	sub-13	4	3	Illegal	77.77777777777779
805	sub-13	4	3	Legal	66.66666666666666
806	sub-13	4	4	Illegal	55.55555555555556
807	sub-13	4	4	Legal	100.0
808	sub-13	4	5	Illegal	55.55555555555556
809	sub-13	4	5	Legal	100.0
810	sub-13	5	1	Illegal	44.44444444444444
811	sub-13	5	1	Legal	100.0
812	sub-13	5	2	Illegal	22.22222222222222
813	sub-13	5	2	Legal	88.88888888888889
814	sub-13	5	3	Illegal	77.77777777777779
815	sub-13	5	3	Legal	77.77777777777779
816	sub-13	5	4	Illegal	55.55555555555556
817	sub-13	5	4	Legal	77.77777777777779
818	sub-13	5	5	Illegal	77.77777777777779
819	sub-13	5	5	Legal	88.88888888888889
820	sub-13	6	1	Illegal	44.44444444444444
821	sub-13	6	1	Legal	88.88888888888889
822	sub-13	6	2	Illegal	77.77777777777779
823	sub-13	6	2	Legal	77.77777777777779
824	sub-13	6	3	Illegal	44.44444444444444
825	sub-13	6	3	Legal	77.77777777777779
826	sub-13	6	4	Illegal	55.55555555555556
827	sub-13	6	4	Legal	100.0
828	sub-13	6	5	Illegal	66.66666666666666
829	sub-13	6	5	Legal	88.88888888888889
830	sub-13	7	1	Illegal	55.55555555555556
831	sub-13	7	1	Legal	100.0
832	sub-13	7	2	Illegal	77.77777777777779
833	sub-13	7	2	Legal	100.0
834	sub-13	7	3	Illegal	88.88888888888889
835	sub-13	7	3	Legal	100.0
836	sub-13	7	4	Illegal	77.77777777777779
837	sub-13	7	4	Legal	88.88888888888889
838	sub-13	7	5	Illegal	55.55555555555556
839	sub-13	7	5	Legal	88.88888888888889
840	sub-13	8	1	Illegal	66.66666666666666
841	sub-13	8	1	Legal	100.0
842	sub-13	8	2	Illegal	66.66666666666666
843	sub-13	8	2	Legal	88.88888888888889
844	sub-13	8	3	Illegal	55.55555555555556
845	sub-13	8	3	Legal	88.88888888888889
846	sub-13	8	4	Illegal	33.33333333333333
847	sub-13	8	4	Legal	77.77777777777779
848	sub-13	8	5	Illegal	55.55555555555556
849	sub-13	8	5	Legal	77.77777777777779
850	sub-13	9	1	Illegal	66.66666666666666
851	sub-13	9	1	Legal	88.88888888888889
852	sub-13	9	2	Illegal	33.33333333333333
853	sub-13	9	2	Legal	88.88888888888889
854	sub-13	9	3	Illegal	55.55555555555556
855	sub-13	9	3	Legal	88.88888888888889
856	sub-13	9	4	Illegal	66.66666666666666
857	sub-13	9	4	Legal	88.88888888888889
858	sub-13	9	5	Illegal	66.66666666666666
859	sub-13	9	5	Legal	77.77777777777779
860	sub-14	1	1	Illegal	55.55555555555556
861	sub-14	1	1	Legal	88.88888888888889
862	sub-14	1	2	Illegal	77.77777777777779
863	sub-14	1	2	Legal	88.88888888888889
864	sub-14	1	3	Illegal	55.55555555555556
865	sub-14	1	3	Legal	88.88888888888889
866	sub-14	1	4	Illegal	66.66666666666666
867	sub-14	1	4	Legal	77.77777777777779
868	sub-14	1	5	Illegal	66.66666666666666
869	sub-14	1	5	Legal	77.77777777777779
870	sub-14	2	1	Illegal	66.66666666666666
871	sub-14	2	1	Legal	88.88888888888889
872	sub-14	2	2	Illegal	66.66666666666666
873	sub-14	2	2	Legal	66.66666666666666
874	sub-14	2	3	Illegal	55.55555555555556
875	sub-14	2	3	Legal	88.88888888888889
876	sub-14	2	4	Illegal	77.77777777777779
877	sub-14	2	4	Legal	88.88888888888889
878	sub-14	2	5	Illegal	77.77777777777779
879	sub-14	2	5	Legal	77.77777777777779
880	sub-14	3	1	Illegal	66.66666666666666
881	sub-14	3	1	Legal	77.77777777777779
882	sub-14	3	2	Illegal	66.66666666666666
883	sub-14	3	2	Legal	66.66666666666666
884	sub-14	3	3	Illegal	77.77777777777779
885	sub-14	3	3	Legal	77.77777777777779
886	sub-14	3	4	Illegal	66.66666666666666
887	sub-14	3	4	Legal	88.88888888888889
888	sub-14	3	5	Illegal	88.88888888888889
889	sub-14	3	5	Legal	88.88888888888889
890	sub-14	4	1	Illegal	66.66666666666666
891	sub-14	4	1	Legal	88.88888888888889
892	sub-14	4	2	Illegal	77.77777777777779
893	sub-14	4	2	Legal	88.88888888888889
894	sub-14	4	3	Illegal	66.66666666666666
895	sub-14	4	3	Legal	88.88888888888889
896	sub-14	4	4	Illegal	77.77777777777779
897	sub-14	4	4	Legal	88.88888888888889
898	sub-14	4	5	Illegal	88.88888888888889
899	sub-14	4	5	Legal	88.88888888888889
900	sub-14	5	1	Illegal	66.66666666666666
901	sub-14	5	1	Legal	88.88888888888889
902	sub-14	5	2	Illegal	77.77777777777779
903	sub-14	5	2	Legal	77.77777777777779
904	sub-14	5	3	Illegal	77.77777777777779
905	sub-14	5	3	Legal	77.77777777777779
906	sub-14	5	4	Illegal	88.88888888888889
907	sub-14	5	4	Legal	88.88888888888889
908	sub-14	5	5	Illegal	100.0
909	sub-14	5	5	Legal	88.88888888888889
910	sub-14	6	1	Illegal	100.0
911	sub-14	6	1	Legal	77.77777777777779
912	sub-14	6	2	Illegal	100.0
913	sub-14	6	2	Legal	77.77777777777779
914	sub-14	6	3	Illegal	77.77777777777779
915	sub-14	6	3	Legal	77.77777777777779
916	sub-14	6	4	Illegal	100.0
917	sub-14	6	4	Legal	88.88888888888889
918	sub-14	6	5	Illegal	100.0
919	sub-14	6	5	Legal	88.88888888888889
920	sub-14	7	1	Illegal	88.88888888888889
921	sub-14	7	1	Legal	77.77777777777779
922	sub-14	7	2	Illegal	88.88888888888889
923	sub-14	7	2	Legal	77.77777777777779
924	sub-14	7	3	Illegal	88.88888888888889
925	sub-14	7	3	Legal	88.88888888888889
926	sub-14	7	4	Illegal	100.0
927	sub-14	7	4	Legal	77.77777777777779
928	sub-14	7	5	Illegal	88.88888888888889
929	sub-14	7	5	Legal	88.88888888888889
930	sub-14	8	1	Illegal	77.77777777777779
931	sub-14	8	1	Legal	88.88888888888889
932	sub-14	8	2	Illegal	66.66666666666666
933	sub-14	8	2	Legal	77.77777777777779
934	sub-14	8	3	Illegal	100.0
935	sub-14	8	3	Legal	88.88888888888889
936	sub-14	8	4	Illegal	88.88888888888889
937	sub-14	8	4	Legal	88.88888888888889
938	sub-14	8	5	Illegal	100.0
939	sub-14	8	5	Legal	77.77777777777779
940	sub-14	9	1	Illegal	100.0
941	sub-14	9	1	Legal	77.77777777777779
942	sub-14	9	2	Illegal	88.88888888888889
943	sub-14	9	2	Legal	88.88888888888889
944	sub-14	9	3	Illegal	100.0
945	sub-14	9	3	Legal	77.77777777777779
946	sub-14	9	4	Illegal	88.88888888888889
947	sub-14	9	4	Legal	88.88888888888889
948	sub-14	9	5	Illegal	100.0
949	sub-14	9	5	Legal	88.88888888888889
950	sub-15	1	1	Illegal	22.22222222222222
951	sub-15	1	1	Legal	66.66666666666666
952	sub-15	1	2	Illegal	11.11111111111111
953	sub-15	1	2	Legal	55.55555555555556
954	sub-15	1	3	Illegal	11.11111111111111
955	sub-15	1	3	Legal	66.66666666666666
956	sub-15	1	4	Illegal	22.22222222222222
957	sub-15	1	4	Legal	88.88888888888889
958	sub-15	1	5	Illegal	22.22222222222222
959	sub-15	1	5	Legal	88.88888888888889
960	sub-15	2	1	Illegal	22.22222222222222
961	sub-15	2	1	Legal	77.77777777777779
962	sub-15	2	2	Illegal	44.44444444444444
963	sub-15	2	2	Legal	77.77777777777779
964	sub-15	2	3	Illegal	22.22222222222222
965	sub-15	2	3	Legal	66.66666666666666
966	sub-15	2	4	Illegal	33.33333333333333
967	sub-15	2	4	Legal	77.77777777777779
968	sub-15	2	5	Illegal	11.11111111111111
969	sub-15	2	5	Legal	55.55555555555556
970	sub-15	3	1	Illegal	22.22222222222222
971	sub-15	3	1	Legal	44.44444444444444
972	sub-15	3	2	Illegal	22.22222222222222
973	sub-15	3	2	Legal	66.66666666666666
974	sub-15	3	3	Illegal	33.33333333333333
975	sub-15	3	3	Legal	77.77777777777779
976	sub-15	3	4	Illegal	55.55555555555556
977	sub-15	3	4	Legal	55.55555555555556
978	sub-15	3	5	Illegal	22.22222222222222
979	sub-15	3	5	Legal	55.55555555555556
980	sub-15	4	1	Illegal	44.44444444444444
981	sub-15	4	1	Legal	77.77777777777779
982	sub-15	4	2	Illegal	55.55555555555556
983	sub-15	4	2	Legal	88.88888888888889
984	sub-15	4	3	Illegal	66.66666666666666
985	sub-15	4	3	Legal	88.88888888888889
986	sub-15	4	4	Illegal	33.33333333333333
987	sub-15	4	4	Legal	88.88888888888889
988	sub-15	4	5	Illegal	44.44444444444444
989	sub-15	4	5	Legal	66.66666666666666
990	sub-15	5	1	Illegal	44.44444444444444
991	sub-15	5	1	Legal	66.66666666666666
992	sub-15	5	2	Illegal	33.33333333333333
993	sub-15	5	2	Legal	77.77777777777779
994	sub-15	5	3	Illegal	33.33333333333333
995	sub-15	5	3	Legal	77.77777777777779
996	sub-15	5	4	Illegal	22.22222222222222
997	sub-15	5	4	Legal	66.66666666666666
998	sub-15	5	5	Illegal	44.44444444444444
999	sub-15	5	5	Legal	77.77777777777779
1000	sub-15	6	1	Illegal	11.11111111111111
1001	sub-15	6	1	Legal	66.66666666666666
1002	sub-15	6	2	Illegal	44.44444444444444
1003	sub-15	6	2	Legal	66.66666666666666
1004	sub-15	6	3	Illegal	66.66666666666666
1005	sub-15	6	3	Legal	66.66666666666666
1006	sub-15	6	4	Illegal	22.22222222222222
1007	sub-15	6	4	Legal	77.77777777777779
1008	sub-15	6	5	Illegal	33.33333333333333
1009	sub-15	6	5	Legal	66.66666666666666
1010	sub-15	7	1	Illegal	66.66666666666666
1011	sub-15	7	1	Legal	88.88888888888889
1012	sub-15	7	2	Illegal	66.66666666666666
1013	sub-15	7	2	Legal	55.55555555555556
1014	sub-15	7	3	Illegal	66.66666666666666
1015	sub-15	7	3	Legal	66.66666666666666
1016	sub-15	7	4	Illegal	44.44444444444444
1017	sub-15	7	4	Legal	55.55555555555556
1018	sub-15	7	5	Illegal	55.55555555555556
1019	sub-15	7	5	Legal	66.66666666666666
1020	sub-15	8	1	Illegal	33.33333333333333
1021	sub-15	8	1	Legal	77.77777777777779
1022	sub-15	8	2	Illegal	55.55555555555556
1023	sub-15	8	2	Legal	77.77777777777779
1024	sub-15	8	3	Illegal	66.66666666666666
1025	sub-15	8	3	Legal	66.66666666666666
1026	sub-15	8	4	Illegal	33.33333333333333
1027	sub-15	8	4	Legal	77.77777777777779
1028	sub-15	8	5	Illegal	22.22222222222222
1029	sub-15	8	5	Legal	77.77777777777779
1030	sub-15	9	1	Illegal	55.55555555555556
1031	sub-15	9	1	Legal	66.66666666666666
1032	sub-15	9	2	Illegal	44.44444444444444
1033	sub-15	9	2	Legal	77.77777777777779
1034	sub-15	9	3	Illegal	55.55555555555556
1035	sub-15	9	3	Legal	66.66666666666666
1036	sub-15	9	4	Illegal	44.44444444444444
1037	sub-15	9	4	Legal	77.77777777777779
1038	sub-15	9	5	Illegal	44.44444444444444
1039	sub-15	9	5	Legal	66.66666666666666
1040	sub-16	1	1	Illegal	33.33333333333333
1041	sub-16	1	1	Legal	100.0
1042	sub-16	1	2	Illegal	44.44444444444444
1043	sub-16	1	2	Legal	100.0
1044	sub-16	1	3	Illegal	77.77777777777779
1045	sub-16	1	3	Legal	88.88888888888889
1046	sub-16	1	4	Illegal	55.55555555555556
1047	sub-16	1	4	Legal	100.0
1048	sub-16	1	5	Illegal	55.55555555555556
1049	sub-16	1	5	Legal	77.77777777777779
1050	sub-16	2	1	Illegal	66.66666666666666
1051	sub-16	2	1	Legal	100.0
1052	sub-16	2	2	Illegal	66.66666666666666
1053	sub-16	2	2	Legal	88.88888888888889
1054	sub-16	2	3	Illegal	55.55555555555556
1055	sub-16	2	3	Legal	77.77777777777779
1056	sub-16	2	4	Illegal	66.66666666666666
1057	sub-16	2	4	Legal	77.77777777777779
1058	sub-16	2	5	Illegal	77.77777777777779
1059	sub-16	2	5	Legal	66.66666666666666
1060	sub-16	3	1	Illegal	33.33333333333333
1061	sub-16	3	1	Legal	100.0
1062	sub-16	3	2	Illegal	44.44444444444444
1063	sub-16	3	2	Legal	88.88888888888889
1064	sub-16	3	3	Illegal	55.55555555555556
1065	sub-16	3	3	Legal	77.77777777777779
1066	sub-16	3	4	Illegal	55.55555555555556
1067	sub-16	3	4	Legal	77.77777777777779
1068	sub-16	3	5	Illegal	55.55555555555556
1069	sub-16	3	5	Legal	100.0
1070	sub-16	4	1	Illegal	44.44444444444444
1071	sub-16	4	1	Legal	100.0
1072	sub-16	4	2	Illegal	44.44444444444444
1073	sub-16	4	2	Legal	77.77777777777779
1074	sub-16	4	3	Illegal	55.55555555555556
1075	sub-16	4	3	Legal	100.0
1076	sub-16	4	4	Illegal	33.33333333333333
1077	sub-16	4	4	Legal	88.88888888888889
1078	sub-16	4	5	Illegal	77.77777777777779
1079	sub-16	4	5	Legal	88.88888888888889
1080	sub-16	5	1	Illegal	55.55555555555556
1081	sub-16	5	1	Legal	88.88888888888889
1082	sub-16	5	2	Illegal	44.44444444444444
1083	sub-16	5	2	Legal	66.66666666666666
1084	sub-16	5	3	Illegal	44.44444444444444
1085	sub-16	5	3	Legal	66.66666666666666
1086	sub-16	5	4	Illegal	66.66666666666666
1087	sub-16	5	4	Legal	88.88888888888889
1088	sub-16	5	5	Illegal	66.66666666666666
1089	sub-16	5	5	Legal	77.77777777777779
1090	sub-16	6	1	Illegal	33.33333333333333
1091	sub-16	6	1	Legal	100.0
1092	sub-16	6	2	Illegal	33.33333333333333
1093	sub-16	6	2	Legal	88.88888888888889
1094	sub-16	6	3	Illegal	55.55555555555556
1095	sub-16	6	3	Legal	77.77777777777779
1096	sub-16	6	4	Illegal	44.44444444444444
1097	sub-16	6	4	Legal	100.0
1098	sub-16	6	5	Illegal	44.44444444444444
1099	sub-16	6	5	Legal	100.0
1100	sub-16	7	1	Illegal	66.66666666666666
1101	sub-16	7	1	Legal	100.0
1102	sub-16	7	2	Illegal	55.55555555555556
1103	sub-16	7	2	Legal	100.0
1104	sub-16	7	3	Illegal	44.44444444444444
1105	sub-16	7	3	Legal	88.88888888888889
1106	sub-16	7	4	Illegal	66.66666666666666
1107	sub-16	7	4	Legal	88.88888888888889
1108	sub-16	7	5	Illegal	44.44444444444444
1109	sub-16	7	5	Legal	77.77777777777779
1110	sub-16	8	1	Illegal	44.44444444444444
1111	sub-16	8	1	Legal	100.0
1112	sub-16	8	2	Illegal	55.55555555555556
1113	sub-16	8	2	Legal	88.88888888888889
1114	sub-16	8	3	Illegal	44.44444444444444
1115	sub-16	8	3	Legal	88.88888888888889
1116	sub-16	8	4	Illegal	55.55555555555556
1117	sub-16	8	4	Legal	88.88888888888889
1118	sub-16	8	5	Illegal	44.44444444444444
1119	sub-16	8	5	Legal	77.77777777777779
1120	sub-16	9	1	Illegal	44.44444444444444
1121	sub-16	9	1	Legal	88.88888888888889
1122	sub-16	9	2	Illegal	66.66666666666666
1123	sub-16	9	2	Legal	100.0
1124	sub-16	9	3	Illegal	66.66666666666666
1125	sub-16	9	3	Legal	100.0
1126	sub-16	9	4	Illegal	55.55555555555556
1127	sub-16	9	4	Legal	100.0
1128	sub-16	9	5	Illegal	66.66666666666666
1129	sub-16	9	5	Legal	88.88888888888889
1130	sub-17	1	1	Illegal	55.55555555555556
1131	sub-17	1	1	Legal	88.88888888888889
1132	sub-17	1	2	Illegal	44.44444444444444
1133	sub-17	1	2	Legal	55.55555555555556
1134	sub-17	1	3	Illegal	44.44444444444444
1135	sub-17	1	3	Legal	88.88888888888889
1136	sub-17	1	4	Illegal	44.44444444444444
1137	sub-17	1	4	Legal	88.88888888888889
1138	sub-17	1	5	Illegal	44.44444444444444
1139	sub-17	1	5	Legal	88.88888888888889
1140	sub-17	2	1	Illegal	77.77777777777779
1141	sub-17	2	1	Legal	88.88888888888889
1142	sub-17	2	2	Illegal	44.44444444444444
1143	sub-17	2	2	Legal	77.77777777777779
1144	sub-17	2	3	Illegal	55.55555555555556
1145	sub-17	2	3	Legal	77.77777777777779
1146	sub-17	2	4	Illegal	33.33333333333333
1147	sub-17	2	4	Legal	100.0
1148	sub-17	2	5	Illegal	66.66666666666666
1149	sub-17	2	5	Legal	77.77777777777779
1150	sub-17	3	1	Illegal	33.33333333333333
1151	sub-17	3	1	Legal	55.55555555555556
1152	sub-17	3	2	Illegal	33.33333333333333
1153	sub-17	3	2	Legal	77.77777777777779
1154	sub-17	3	3	Illegal	55.55555555555556
1155	sub-17	3	3	Legal	77.77777777777779
1156	sub-17	3	4	Illegal	33.33333333333333
1157	sub-17	3	4	Legal	88.88888888888889
1158	sub-17	3	5	Illegal	22.22222222222222
1159	sub-17	3	5	Legal	77.77777777777779
1160	sub-17	4	1	Illegal	55.55555555555556
1161	sub-17	4	1	Legal	77.77777777777779
1162	sub-17	4	2	Illegal	33.33333333333333
1163	sub-17	4	2	Legal	55.55555555555556
1164	sub-17	4	3	Illegal	22.22222222222222
1165	sub-17	4	3	Legal	100.0
1166	sub-17	4	4	Illegal	33.33333333333333
1167	sub-17	4	4	Legal	88.88888888888889
1168	sub-17	4	5	Illegal	33.33333333333333
1169	sub-17	4	5	Legal	77.77777777777779
1170	sub-17	5	1	Illegal	33.33333333333333
1171	sub-17	5	1	Legal	100.0
1172	sub-17	5	2	Illegal	66.66666666666666
1173	sub-17	5	2	Legal	88.88888888888889
1174	sub-17	5	3	Illegal	44.44444444444444
1175	sub-17	5	3	Legal	88.88888888888889
1176	sub-17	5	4	Illegal	44.44444444444444
1177	sub-17	5	4	Legal	77.77777777777779
1178	sub-17	5	5	Illegal	44.44444444444444
1179	sub-17	5	5	Legal	66.66666666666666
1180	sub-17	6	1	Illegal	44.44444444444444
1181	sub-17	6	1	Legal	88.88888888888889
1182	sub-17	6	2	Illegal	55.55555555555556
1183	sub-17	6	2	Legal	100.0
1184	sub-17	6	3	Illegal	44.44444444444444
1185	sub-17	6	3	Legal	88.88888888888889
1186	sub-17	6	4	Illegal	22.22222222222222
1187	sub-17	6	4	Legal	66.66666666666666
1188	sub-17	6	5	Illegal	22.22222222222222
1189	sub-17	6	5	Legal	88.88888888888889
1190	sub-17	7	1	Illegal	44.44444444444444
1191	sub-17	7	1	Legal	88.88888888888889
1192	sub-17	7	2	Illegal	44.44444444444444
1193	sub-17	7	2	Legal	77.77777777777779
1194	sub-17	7	3	Illegal	66.66666666666666
1195	sub-17	7	3	Legal	88.88888888888889
1196	sub-17	7	4	Illegal	22.22222222222222
1197	sub-17	7	4	Legal	77.77777777777779
1198	sub-17	7	5	Illegal	33.33333333333333
1199	sub-17	7	5	Legal	100.0
1200	sub-17	8	1	Illegal	44.44444444444444
1201	sub-17	8	1	Legal	66.66666666666666
1202	sub-17	8	2	Illegal	33.33333333333333
1203	sub-17	8	2	Legal	77.77777777777779
1204	sub-17	8	3	Illegal	33.33333333333333
1205	sub-17	8	3	Legal	77.77777777777779
1206	sub-17	8	4	Illegal	66.66666666666666
1207	sub-17	8	4	Legal	88.88888888888889
1208	sub-17	8	5	Illegal	88.88888888888889
1209	sub-17	8	5	Legal	88.88888888888889
1210	sub-17	9	1	Illegal	33.33333333333333
1211	sub-17	9	1	Legal	88.88888888888889
1212	sub-17	9	2	Illegal	55.55555555555556
1213	sub-17	9	2	Legal	100.0
1214	sub-17	9	3	Illegal	33.33333333333333
1215	sub-17	9	3	Legal	100.0
1216	sub-17	9	4	Illegal	33.33333333333333
1217	sub-17	9	4	Legal	100.0
1218	sub-17	9	5	Illegal	55.55555555555556
1219	sub-17	9	5	Legal	88.88888888888889
1220	sub-18	1	1	Illegal	22.22222222222222
1221	sub-18	1	1	Legal	88.88888888888889
1222	sub-18	1	2	Illegal	22.22222222222222
1223	sub-18	1	2	Legal	88.88888888888889
1224	sub-18	1	3	Illegal	22.22222222222222
1225	sub-18	1	3	Legal	88.88888888888889
1226	sub-18	1	4	Illegal	22.22222222222222
1227	sub-18	1	4	Legal	77.77777777777779
1228	sub-18	1	5	Illegal	22.22222222222222
1229	sub-18	1	5	Legal	77.77777777777779
1230	sub-18	2	1	Illegal	22.22222222222222
1231	sub-18	2	1	Legal	77.77777777777779
1232	sub-18	2	2	Illegal	44.44444444444444
1233	sub-18	2	2	Legal	100.0
1234	sub-18	2	3	Illegal	22.22222222222222
1235	sub-18	2	3	Legal	88.88888888888889
1236	sub-18	2	4	Illegal	55.55555555555556
1237	sub-18	2	4	Legal	66.66666666666666
1238	sub-18	2	5	Illegal	33.33333333333333
1239	sub-18	2	5	Legal	88.88888888888889
1240	sub-18	3	1	Illegal	55.55555555555556
1241	sub-18	3	1	Legal	66.66666666666666
1242	sub-18	3	2	Illegal	22.22222222222222
1243	sub-18	3	2	Legal	77.77777777777779
1244	sub-18	3	3	Illegal	44.44444444444444
1245	sub-18	3	3	Legal	88.88888888888889
1246	sub-18	3	4	Illegal	44.44444444444444
1247	sub-18	3	4	Legal	77.77777777777779
1248	sub-18	3	5	Illegal	33.33333333333333
1249	sub-18	3	5	Legal	88.88888888888889
1250	sub-18	4	1	Illegal	55.55555555555556
1251	sub-18	4	1	Legal	100.0
1252	sub-18	4	2	Illegal	44.44444444444444
1253	sub-18	4	2	Legal	77.77777777777779
1254	sub-18	4	3	Illegal	77.77777777777779
1255	sub-18	4	3	Legal	88.88888888888889
1256	sub-18	4	4	Illegal	55.55555555555556
1257	sub-18	4	4	Legal	77.77777777777779
1258	sub-18	4	5	Illegal	44.44444444444444
1259	sub-18	4	5	Legal	100.0
1260	sub-18	5	1	Illegal	55.55555555555556
1261	sub-18	5	1	Legal	88.88888888888889
1262	sub-18	5	2	Illegal	44.44444444444444
1263	sub-18	5	2	Legal	100.0
1264	sub-18	5	3	Illegal	66.66666666666666
1265	sub-18	5	3	Legal	66.66666666666666
1266	sub-18	5	4	Illegal	55.55555555555556
1267	sub-18	5	4	Legal	100.0
1268	sub-18	5	5	Illegal	55.55555555555556
1269	sub-18	5	5	Legal	77.77777777777779
1270	sub-18	6	1	Illegal	44.44444444444444
1271	sub-18	6	1	Legal	100.0
1272	sub-18	6	2	Illegal	44.44444444444444
1273	sub-18	6	2	Legal	66.66666666666666
1274	sub-18	6	3	Illegal	55.55555555555556
1275	sub-18	6	3	Legal	77.77777777777779
1276	sub-18	6	4	Illegal	66.66666666666666
1277	sub-18	6	4	Legal	100.0
1278	sub-18	6	5	Illegal	22.22222222222222
1279	sub-18	6	5	Legal	88.88888888888889
1280	sub-18	7	1	Illegal	77.77777777777779
1281	sub-18	7	1	Legal	88.88888888888889
1282	sub-18	7	2	Illegal	66.66666666666666
1283	sub-18	7	2	Legal	100.0
1284	sub-18	7	3	Illegal	55.55555555555556
1285	sub-18	7	3	Legal	88.88888888888889
1286	sub-18	7	4	Illegal	55.55555555555556
1287	sub-18	7	4	Legal	100.0
1288	sub-18	7	5	Illegal	66.66666666666666
1289	sub-18	7	5	Legal	100.0
1290	sub-18	8	1	Illegal	66.66666666666666
1291	sub-18	8	1	Legal	77.77777777777779
1292	sub-18	8	2	Illegal	66.66666666666666
1293	sub-18	8	2	Legal	88.88888888888889
1294	sub-18	8	3	Illegal	55.55555555555556
1295	sub-18	8	3	Legal	100.0
1296	sub-18	8	4	Illegal	66.66666666666666
1297	sub-18	8	4	Legal	88.88888888888889
1298	sub-18	8	5	Illegal	0.0
1299	sub-18	8	5	Legal	66.66666666666666
1300	sub-18	9	1	Illegal	55.55555555555556
1301	sub-18	9	1	Legal	66.66666666666666
1302	sub-18	9	2	Illegal	44.44444444444444
1303	sub-18	9	2	Legal	77.77777777777779
1304	sub-18	9	3	Illegal	44.44444444444444
1305	sub-18	9	3	Legal	66.66666666666666
1306	sub-18	9	4	Illegal	44.44444444444444
1307	sub-18	9	4	Legal	88.88888888888889
1308	sub-18	9	5	Illegal	55.55555555555556
1309	sub-18	9	5	Legal	77.77777777777779
1310	sub-19	1	1	Illegal	33.33333333333333
1311	sub-19	1	1	Legal	55.55555555555556
1312	sub-19	1	2	Illegal	33.33333333333333
1313	sub-19	1	2	Legal	44.44444444444444
1314	sub-19	1	3	Illegal	44.44444444444444
1315	sub-19	1	3	Legal	66.66666666666666
1316	sub-19	1	4	Illegal	44.44444444444444
1317	sub-19	1	4	Legal	77.77777777777779
1318	sub-19	1	5	Illegal	44.44444444444444
1319	sub-19	1	5	Legal	55.55555555555556
1320	sub-19	2	1	Illegal	66.66666666666666
1321	sub-19	2	1	Legal	66.66666666666666
1322	sub-19	2	2	Illegal	100.0
1323	sub-19	2	2	Legal	88.88888888888889
1324	sub-19	2	3	Illegal	66.66666666666666
1325	sub-19	2	3	Legal	88.88888888888889
1326	sub-19	2	4	Illegal	44.44444444444444
1327	sub-19	2	4	Legal	88.88888888888889
1328	sub-19	2	5	Illegal	66.66666666666666
1329	sub-19	2	5	Legal	66.66666666666666
1330	sub-19	3	1	Illegal	66.66666666666666
1331	sub-19	3	1	Legal	66.66666666666666
1332	sub-19	3	2	Illegal	77.77777777777779
1333	sub-19	3	2	Legal	88.88888888888889
1334	sub-19	3	3	Illegal	77.77777777777779
1335	sub-19	3	3	Legal	88.88888888888889
1336	sub-19	3	4	Illegal	66.66666666666666
1337	sub-19	3	4	Legal	66.66666666666666
1338	sub-19	3	5	Illegal	33.33333333333333
1339	sub-19	3	5	Legal	100.0
1340	sub-19	4	1	Illegal	77.77777777777779
1341	sub-19	4	1	Legal	88.88888888888889
1342	sub-19	4	2	Illegal	55.55555555555556
1343	sub-19	4	2	Legal	100.0
1344	sub-19	4	3	Illegal	66.66666666666666
1345	sub-19	4	3	Legal	100.0
1346	sub-19	4	4	Illegal	44.44444444444444
1347	sub-19	4	4	Legal	88.88888888888889
1348	sub-19	4	5	Illegal	66.66666666666666
1349	sub-19	4	5	Legal	88.88888888888889
1350	sub-19	5	1	Illegal	55.55555555555556
1351	sub-19	5	1	Legal	100.0
1352	sub-19	5	2	Illegal	44.44444444444444
1353	sub-19	5	2	Legal	100.0
1354	sub-19	5	3	Illegal	55.55555555555556
1355	sub-19	5	3	Legal	100.0
1356	sub-19	5	4	Illegal	66.66666666666666
1357	sub-19	5	4	Legal	100.0
1358	sub-19	5	5	Illegal	66.66666666666666
1359	sub-19	5	5	Legal	100.0
1360	sub-19	6	1	Illegal	55.55555555555556
1361	sub-19	6	1	Legal	100.0
1362	sub-19	6	2	Illegal	66.66666666666666
1363	sub-19	6	2	Legal	88.88888888888889
1364	sub-19	6	3	Illegal	77.77777777777779
1365	sub-19	6	3	Legal	77.77777777777779
1366	sub-19	6	4	Illegal	55.55555555555556
1367	sub-19	6	4	Legal	88.88888888888889
1368	sub-19	6	5	Illegal	77.77777777777779
1369	sub-19	6	5	Legal	88.88888888888889
1370	sub-19	7	1	Illegal	44.44444444444444
1371	sub-19	7	1	Legal	100.0
1372	sub-19	7	2	Illegal	77.77777777777779
1373	sub-19	7	2	Legal	100.0
1374	sub-19	7	3	Illegal	100.0
1375	sub-19	7	3	Legal	88.88888888888889
1376	sub-19	7	4	Illegal	66.66666666666666
1377	sub-19	7	4	Legal	88.88888888888889
1378	sub-19	7	5	Illegal	88.88888888888889
1379	sub-19	7	5	Legal	77.77777777777779
1380	sub-19	8	1	Illegal	88.88888888888889
1381	sub-19	8	1	Legal	77.77777777777779
1382	sub-19	8	2	Illegal	55.55555555555556
1383	sub-19	8	2	Legal	66.66666666666666
1384	sub-19	8	3	Illegal	66.66666666666666
1385	sub-19	8	3	Legal	66.66666666666666
1386	sub-19	8	4	Illegal	66.66666666666666
1387	sub-19	8	4	Legal	77.77777777777779
1388	sub-19	8	5	Illegal	55.55555555555556
1389	sub-19	8	5	Legal	88.88888888888889
1390	sub-19	9	1	Illegal	77.77777777777779
1391	sub-19	9	1	Legal	100.0
1392	sub-19	9	2	Illegal	88.88888888888889
1393	sub-19	9	2	Legal	88.88888888888889
1394	sub-19	9	3	Illegal	66.66666666666666
1395	sub-19	9	3	Legal	77.77777777777779
1396	sub-19	9	4	Illegal	77.77777777777779
1397	sub-19	9	4	Legal	77.77777777777779
1398	sub-19	9	5	Illegal	88.88888888888889
1399	sub-19	9	5	Legal	66.66666666666666
1400	sub-20	1	1	Illegal	22.22222222222222
1401	sub-20	1	1	Legal	100.0
1402	sub-20	1	2	Illegal	33.33333333333333
1403	sub-20	1	2	Legal	88.88888888888889
1404	sub-20	1	3	Illegal	22.22222222222222
1405	sub-20	1	3	Legal	77.77777777777779
1406	sub-20	1	4	Illegal	11.11111111111111
1407	sub-20	1	4	Legal	88.88888888888889
1408	sub-20	1	5	Illegal	33.33333333333333
1409	sub-20	1	5	Legal	66.66666666666666
1410	sub-20	2	1	Illegal	22.22222222222222
1411	sub-20	2	1	Legal	55.55555555555556
1412	sub-20	2	2	Illegal	22.22222222222222
1413	sub-20	2	2	Legal	55.55555555555556
1414	sub-20	2	3	Illegal	44.44444444444444
1415	sub-20	2	3	Legal	66.66666666666666
1416	sub-20	2	4	Illegal	33.33333333333333
1417	sub-20	2	4	Legal	77.77777777777779
1418	sub-20	2	5	Illegal	11.11111111111111
1419	sub-20	2	5	Legal	77.77777777777779
1420	sub-20	3	1	Illegal	44.44444444444444
1421	sub-20	3	1	Legal	66.66666666666666
1422	sub-20	3	2	Illegal	44.44444444444444
1423	sub-20	3	2	Legal	88.88888888888889
1424	sub-20	3	3	Illegal	11.11111111111111
1425	sub-20	3	3	Legal	77.77777777777779
1426	sub-20	3	4	Illegal	0.0
1427	sub-20	3	4	Legal	100.0
1428	sub-20	3	5	Illegal	33.33333333333333
1429	sub-20	3	5	Legal	88.88888888888889
1430	sub-20	4	1	Illegal	66.66666666666666
1431	sub-20	4	1	Legal	88.88888888888889
1432	sub-20	4	2	Illegal	11.11111111111111
1433	sub-20	4	2	Legal	88.88888888888889
1434	sub-20	4	3	Illegal	11.11111111111111
1435	sub-20	4	3	Legal	77.77777777777779
1436	sub-20	4	4	Illegal	33.33333333333333
1437	sub-20	4	4	Legal	77.77777777777779
1438	sub-20	4	5	Illegal	33.33333333333333
1439	sub-20	4	5	Legal	88.88888888888889
1440	sub-20	5	1	Illegal	44.44444444444444
1441	sub-20	5	1	Legal	77.77777777777779
1442	sub-20	5	2	Illegal	44.44444444444444
1443	sub-20	5	2	Legal	88.88888888888889
1444	sub-20	5	3	Illegal	44.44444444444444
1445	sub-20	5	3	Legal	100.0
1446	sub-20	5	4	Illegal	55.55555555555556
1447	sub-20	5	4	Legal	88.88888888888889
1448	sub-20	5	5	Illegal	33.33333333333333
1449	sub-20	5	5	Legal	88.88888888888889
1450	sub-20	6	1	Illegal	66.66666666666666
1451	sub-20	6	1	Legal	77.77777777777779
1452	sub-20	6	2	Illegal	44.44444444444444
1453	sub-20	6	2	Legal	77.77777777777779
1454	sub-20	6	3	Illegal	55.55555555555556
1455	sub-20	6	3	Legal	66.66666666666666
1456	sub-20	6	4	Illegal	66.66666666666666
1457	sub-20	6	4	Legal	88.88888888888889
1458	sub-20	6	5	Illegal	66.66666666666666
1459	sub-20	6	5	Legal	88.88888888888889
1460	sub-20	7	1	Illegal	66.66666666666666
1461	sub-20	7	1	Legal	100.0
1462	sub-20	7	2	Illegal	66.66666666666666
1463	sub-20	7	2	Legal	88.88888888888889
1464	sub-20	7	3	Illegal	66.66666666666666
1465	sub-20	7	3	Legal	100.0
1466	sub-20	7	4	Illegal	66.66666666666666
1467	sub-20	7	4	Legal	100.0
1468	sub-20	7	5	Illegal	88.88888888888889
1469	sub-20	7	5	Legal	100.0
1470	sub-20	8	1	Illegal	66.66666666666666
1471	sub-20	8	1	Legal	100.0
1472	sub-20	8	2	Illegal	22.22222222222222
1473	sub-20	8	2	Legal	100.0
1474	sub-20	8	3	Illegal	55.55555555555556
1475	sub-20	8	3	Legal	88.88888888888889
1476	sub-20	8	4	Illegal	55.55555555555556
1477	sub-20	8	4	Legal	88.88888888888889
1478	sub-20	8	5	Illegal	55.55555555555556
1479	sub-20	8	5	Legal	100.0
1480	sub-20	9	1	Illegal	33.33333333333333
1481	sub-20	9	1	Legal	88.88888888888889
1482	sub-20	9	2	Illegal	66.66666666666666
1483	sub-20	9	2	Legal	100.0
1484	sub-20	9	3	Illegal	44.44444444444444
1485	sub-20	9	3	Legal	88.88888888888889
1486	sub-20	9	4	Illegal	44.44444444444444
1487	sub-20	9	4	Legal	88.88888888888889
1488	sub-20	9	5	Illegal	55.55555555555556
1489	sub-20	9	5	Legal	100.0
